id,Name, titleProject_id,class,score,login,password
0,Сербин Геннадий Михаилович,7,8в,2,Сербин_ГМ,/oS890'r
1,Папандина Клавдия Яковлевна,304,9в,5,Папандина_КЯ,4tX1'-Fa
2,Белагина Галина Андреевна,396,9а,4,Белагина_ГА,"0Cb,s)H!"
3,Кижняева Анна Леонидовна,178,7и,2,Кижняева_АЛ,!aLp8R53
4,Цывин Олег Яковлевич,446,7т,2,Цывин_ОЯ,Q9gIFt9u
5,Жидняева Ксения Эдуардовна,373,7х,4,Жидняева_КЭ,"OH78,gDn"
6,Липковский Анатолий Иванович,144,10а,2,Липковский_АИ,0#a1)/G&
7,Меднова Наталья Богдановна,290,7и,5,Меднова_НБ,Yw5piO07
8,Житихин Вячеслав Романович,141,9а,5,Житихин_ВР,li&l5&F!
9,Шеврина Полина Максимовна,33,11а,5,Шеврина_ПМ,zzd%QJ9I
10,Алпеев Валентин Данилович,323,8а,2,Алпеев_ВД,T0EB72!y
11,Золикова Клара Игоревна,364,10х,2,Золикова_КИ,w!*8#71C
12,Дориков Дмитрий Петрович,296,10г,5,Дориков_ДП,Dn0M-F8#
13,Корабышев Кирилл Михаилович,302,8и,5,Корабышев_КМ,"""w#%(85O"
14,Ростовиков Константин Николаевич,336,10а,2,Ростовиков_КН,"Wq7D/3""8"
15,Нехаев Дмитрий Фёдорович,129,7х,4,Нехаев_ДФ,k'&5$Ze#
16,Зызлова Мария Николаевна,430,8г,3,Зызлова_МН,"-/#X,og9"
17,Королупов Валерий Тимофеевич,397,10д,5,Королупов_ВТ,pP/)!%-3
18,Стенцов Евгений Яковлевич,315,8и,4,Стенцов_ЕЯ,'gR&7)Sg
19,Феклисов Константин Виталиевич,270,9т,None,Феклисов_КВ,0X5Tni7/
20,Синелев Руслан Тимофеевич,300,8и,2,Синелев_РТ,!k2tDI38
21,Опевалова Вера Евгеньевна,473,9д,5,Опевалова_ВЕ,0%WnWm!B
22,Назерова Вероника Василевна,206,7б,5,Назерова_ВВ,T7FU1#zm
23,Дименская Светлана Дмитриевна,387,9д,5,Дименская_СД,0zi!2!xF
24,Ковторева Раиса Василевна,482,9и,2,Ковторева_РВ,.G2C#l#B
25,Кулишнин Вячеслав Яковлевич,386,11х,5,Кулишнин_ВЯ,"6Vr*x,9I"
26,Лексин Кирилл Антонович,139,7в,5,Лексин_КА,G90Ylf0L
27,Лаковский Григорий Василиевич,240,7д,5,Лаковский_ГВ,SUF4wqq5
28,Барамыкова Александра Алексеевна,106,10а,3,Барамыкова_АА,"""$Ot4-T&"
29,Плясулина Оксана Андреевна,346,8х,2,Плясулина_ОА,3nF75zNH
30,Петрикеев Станислав Яковлевич,14,7и,4,Петрикеев_СЯ,22gb)$#T
31,Моторыгин Илья Георгиевич,238,10и,5,Моторыгин_ИГ,"3.Ou)61"""
32,Рыков Тарас Павлович,174,10и,5,Рыков_ТП,GO-)P2o.
33,Иончикова Елизавета Егоровна,169,8д,5,Иончикова_ЕЕ,"""k5R4ht/"
34,Смолькина Алиса Егоровна,441,7г,5,Смолькина_АЕ,If&$9K'!
35,Оболенин Герасим Павлович,472,7и,4,Оболенин_ГП,8(V$u8A9
36,Трощинский Георгий Борисович,67,9д,3,Трощинский_ГБ,Zh3##(kN
37,Поддубская Лиза Игоревна,496,10а,4,Поддубская_ЛИ,M0unfFI6
38,Телькова Валерия Олеговна,335,7х,4,Телькова_ВО,N#ryZ&73
39,Чигварина Александра Алексеевна,428,10б,2,Чигварина_АА,B7Ed5L2/
40,Киреевский Артур Игоревич,119,7в,3,Киреевский_АИ,+ZX#7iRw
41,Шумейкин Роман Павлович,420,8в,5,Шумейкин_РП,SCQ0*3fe
42,Трушинов Максим Алексиевич,82,8и,4,Трушинов_МА,Ezh5JoB11
43,Голюков Денис Сергеевич,62,11б,4,Голюков_ДС,'vNmB8B)
44,Хлиманкова Надежда Валерьевна,461,10б,3,Хлиманкова_НВ,"JD0,0lp8"
45,Кулаженков Алексей Олегович,367,10в,2,Кулаженков_АО,Mh$5(fr5
46,Бутукин Владимир Адамович,221,7х,5,Бутукин_ВА,"4(m+T""*."
47,Поддуев Леонид Олегович,149,9х,4,Поддуев_ЛО,0uuWS26h
48,Ревцев Василий Павлович,360,9х,5,Ревцев_ВП,"n'8J,G2U"
49,Старокожев Артём Юрьевич,46,8д,3,Старокожев_АЮ,2zHd6Sd2
50,Светошев Максим Михаилович,321,10х,2,Светошев_ММ,4tZ42%OQ
51,Старынина Кристина Федоровна,266,9д,3,Старынина_КФ,1GXt52He
52,Востров Дмитрий Денисович,282,9г,3,Востров_ДД,2se89PTR
53,Бураханова Анастасия Леонидовна,16,8г,2,Бураханова_АЛ,+8yL5Jh0
54,Понизов Виктор Кириллович,214,11и,5,Понизов_ВК,Og'iM!0B
55,Суздалев Валерий Алексеевич,66,11т,5,Суздалев_ВА,2Qb8eKgN
56,Колендин Дмитрий Алексеевич,153,10в,4,Колендин_ДА,t07g0JK.
57,Сулькова Екатерина Андреевна,325,8и,4,Сулькова_ЕА,&z8-&6Y(
58,Аржевитова Надежда Федоровна,242,10в,2,Аржевитова_НФ,g9QQ4x!5
59,Крассов Валерий Олегович,201,8х,5,Крассов_ВО,i/)Z!$+3
60,Сонураева Инна Андреевна,450,9т,3,Сонураева_ИА,O'639D.v
61,Пашин Роман Вадимович,204,10д,2,Пашин_РВ,6%jQ++j!
62,Фичкина Евгения Федоровна,29,11д,3,Фичкина_ЕФ,0Y1Er!1(
63,Свилин Олег Виталиевич,123,8в,2,Свилин_ОВ,Mr&uVIm1
64,Рогоцкий Андрей Адамович,142,9в,2,Рогоцкий_АА,'57!ffyD
65,Ахантьев Игорь Валериевич,80,10д,5,Ахантьев_ИВ,/M3z5PlH
66,Сочиникова Ксения Кирилловна,100,10д,2,Сочиникова_КК,7PiXcG8k7
67,Остюков Артур Романович,329,11и,3,Остюков_АР,$0iDE(1)
68,Брюкина Оксана Викторовна,98,8в,5,Брюкина_ОВ,2uZT7'3#
69,Кузовенков Игорь Юрьевич,322,9г,None,Кузовенков_ИЮ,0&MV8lN.
70,Калухов Тарас Иванович,207,11а,3,Калухов_ТИ,"w(,,C1&8"
71,Батыров Пётр Виталиевич,227,7и,3,Батыров_ПВ,o1BNj3Nq
72,Озрина Катерина Валерьевна,147,10а,4,Озрина_КВ,l#X3*Ey(
73,Декалова Полина Леонидовна,470,11д,5,Декалова_ПЛ,.Ch0YbI-
74,Лосицкий Владимир Кириллович,369,9т,5,Лосицкий_ВК,Bq3%7!9'
75,Магнусов Пётр Максимович,437,7и,5,Магнусов_ПМ,7fp5JK5d
76,Лавренков Михаил Василиевич,188,9б,2,Лавренков_МВ,)6t!hk2H
77,Шушкалова Вероника Алексеевна,411,8т,5,Шушкалова_ВА,d#3mXWZ6
78,Бороданова Маргарита Дмитриевна,118,7г,5,Бороданова_МД,5D2xpoKC3
79,Циркина Виолетта Федоровна,231,9г,2,Циркина_ВФ,",j769+#T"
80,Болохина Екатерина Андреевна,194,11д,3,Болохина_ЕА,"Ml+""rGF2"
81,Чукалова Дарья Валерьевна,20,10г,4,Чукалова_ДВ,"6c),)%+C"
82,Беловолов Степан Петрович,222,9д,2,Беловолов_СП,M#9fU#Ao
83,Зудейкина Вероника Ивановна,166,8и,3,Зудейкина_ВИ,g6z-23He
84,Макунова Мария Борисовна,47,9в,5,Макунова_МБ,#g6Mt&o1
85,Верзанский Геннадий Андреевич,497,7д,5,Верзанский_ГА,"&,2'OdtV"
86,Алтубин Ярослав Леонидович,414,10г,5,Алтубин_ЯЛ,WT--Xq7!
87,Аузин Игорь Алексиевич,435,8х,5,Аузин_ИА,/9Bj9Gz-
88,Калыгин Степан Тимофеевич,353,8и,2,Калыгин_СТ,ovT25m0NM
89,Дурныгина Полина Игоревна,72,8и,2,Дурныгина_ПИ,"Uy6Y1Gl,"
90,Антюфеева Александра Вадимовна,347,8и,2,Антюфеева_АВ,4'.9mA0-
91,Лощинский Борис Романович,210,10б,3,Лощинский_БР,""",q1y-Ed"
92,Ходорков Евгений Виталиевич,344,9г,5,Ходорков_ЕВ,D9tH'Fjd
93,Кафорин Федор Данилович,427,10д,3,Кафорин_ФД,cdJg0/75
94,Косынская Алиса Дмитриевна,40,9в,3,Косынская_АД,q*W5Ep10
95,Беремцев Артём Антонович,434,11т,2,Беремцев_АА,CpSon&A4
96,Влянская Мария Андреевна,490,7т,4,Влянская_МА,")H#7TfZ,"
97,Мыгеева Лиза Василевна,280,8в,5,Мыгеева_ЛВ,oM0mWD74
98,Акутникова Мария Алексеевна,173,11в,2,Акутникова_МА,K/6ND'9i
99,Карябкин Константин Максимович,89,7и,2,Карябкин_КМ,S/PH55i5
100,Прилепина Яна Максимовна,30,10в,5,Прилепина_ЯМ,#M/!PoZ2
101,Ведищев Никита Георгиевич,365,7и,5,Ведищев_НГ,",7BmU)4Y"
102,Самчева Вероника Борисовна,287,10г,3,Самчева_ВБ,yZ05s.u(
103,Пирцхалова Карина Леонидовна,452,10г,5,Пирцхалова_КЛ,S-4c5(Hs
104,Павлочев Денис Борисович,432,11д,5,Павлочев_ДБ,l$SH/#(9
105,Арашкова Екатерина Евгеньевна,356,8х,None,Арашкова_ЕЕ,".,K5Ml7M"
106,Байсарова Людмила Василевна,215,11и,2,Байсарова_ЛВ,6'1n&9ZM
107,Кудекина Зинаида Игоревна,250,10и,3,Кудекина_ЗИ,a70nt)2S
108,Дерналов Виталий Викторович,1,9г,4,Дерналов_ВВ,V6nSio18
109,Сазинова Галина Романовна,61,9и,3,Сазинова_ГР,'Q2E$Tfg
110,Остаченова Марина Эдуардовна,229,9т,5,Остаченова_МЭ,Q3%.'(h*
111,Битюкова Яна Егоровна,488,9и,4,Битюкова_ЯЕ,Mjz34.Kg
112,Иваницкий Константин Борисович,232,8д,5,Иваницкий_КБ,",af.1m/F"
113,Белянский Владислав Игоревич,74,11б,5,Белянский_ВИ,&1fg!B6T
114,Баранкин Артём Алексеевич,382,9т,2,Баранкин_АА,#+N5zEM5
115,Шкабанова Софья Вадимовна,499,9х,4,Шкабанова_СВ,/&-5Sr-e
116,Полозлов Денис Адамович,155,8т,3,Полозлов_ДА,9l9WB0cg
117,Жунина Светлана Михайловна,162,8в,3,Жунина_СМ,y6n45/lF
118,Пантыкин Борис Игоревич,245,9х,2,Пантыкин_БИ,'$p7#Ns/
119,Доутова Марина Богдановна,189,11х,2,Доутова_МБ,IItuC84y
120,Трещалова Яна Андреевна,330,8б,3,Трещалова_ЯА,'J4pbeYV
121,Ивашечкин Александр Данилович,390,10т,4,Ивашечкин_АД,$39'Iq!(
122,Мазьянова Инна Богдановна,416,11в,4,Мазьянова_ИБ,h1Deg22R
123,Корогев Николай Евгеньевич,184,8б,5,Корогев_НЕ,jFy6N++Y
124,Заидова Галина Максимовна,88,9т,4,Заидова_ГМ,p9F)3ExX
125,Рамхин Кирилл Алексиевич,459,9х,4,Рамхин_КА,0u..5Xq3
126,Кизбабаев Эдуард Фёдорович,415,11т,2,Кизбабаев_ЭФ,"""M.%sg33"
127,Соурчаков Ярослав Валериевич,268,8б,2,Соурчаков_ЯВ,xq/$iG92
128,Мотяшева Алена Михайловна,404,7т,2,Мотяшева_АМ,aj!mL7HT
129,Горшкова Наталия Яковлевна,340,11а,2,Горшкова_НЯ,G(8q2O%6
130,Зябрицкий Игорь Виталиевич,332,7а,5,Зябрицкий_ИВ,MTc+7Q.'
131,Шельдяев Игорь Юриевич,97,7д,5,Шельдяев_ИЮ,"""v6Gj8W6"
132,Шмелькин Максим Викторович,483,9т,5,Шмелькин_МВ,'4P/4p7%
133,Жалкин Алексей Алексеевич,43,7а,3,Жалкин_АА,iH8h7*#1
134,Худасов Денис Максимович,70,10д,2,Худасов_ДМ,Bku4LaB(
135,Швичкова Наталья Эдуардовна,398,7г,4,Швичкова_НЭ,x4K22hO#
136,Едская Жанна Валерьевна,436,11в,4,Едская_ЖВ,"-Q7+&!,k"
137,Поморзина Полина Евгеньевна,122,7д,4,Поморзина_ПЕ,qT5xB&0i
138,Будачева Кира Олеговна,55,11х,4,Будачева_КО,"T6%(,4v4"
139,Молкаев Василий Валериевич,216,8д,2,Молкаев_ВВ,Q963br#C
140,Яцынин Константин Тимофеевич,285,7г,2,Яцынин_КТ,"1%'&sB""4"
141,Маховиков Василий Петрович,391,7х,4,Маховиков_ВП,*Px36y1)
142,Шаметова Евгения Вадимовна,463,7а,2,Шаметова_ЕВ,798!#iE(
143,Законнова Жанна Евгеньевна,442,11и,None,Законнова_ЖЕ,"""d2s-U0z"
144,Перчихин Аркадий Тимофеевич,164,10т,3,Перчихин_АТ,"0""N8n.&a"
145,Бурдасова Ксения Игоревна,203,9а,3,Бурдасова_КИ,/6wNb*yJ
146,Киссин Степан Иванович,251,7х,5,Киссин_СИ,UDF&2kt6
147,Вапилина Мария Егоровна,77,7д,2,Вапилина_МЕ,wtNI4Y0b7
148,Сигутина Дарья Федоровна,458,7б,2,Сигутина_ДФ,7'%fYhz5
149,Сошьяков Альберт Фёдорович,17,7т,4,Сошьяков_АФ,q9Qp9UqP
150,Лугахина Клара Вадимовна,419,8в,4,Лугахина_КВ,-'T5mLZ4
151,Логецкий Анатолий Виталиевич,372,11б,4,Логецкий_АВ,NIQ8n3db
152,Ковайкова Юлия Егоровна,75,10г,2,Ковайкова_ЮЕ,9OBG(f#1
153,Вермутский Валерий Петрович,447,9и,5,Вермутский_ВП,t!0M0AbI
154,Россомахов Олег Юриевич,56,8в,2,Россомахов_ОЮ,6l&'1S)-
155,Циплакова Екатерина Егоровна,471,9б,5,Циплакова_ЕЕ,+H$h+4y-
156,Квятцева Алла Никитична,138,11в,2,Квятцева_АН,!B%3hVs8
157,Выхухолева Лариса Василевна,384,8б,5,Выхухолева_ЛВ,"435gQIw"""
158,Целохов Андрей Вадимович,433,8и,5,Целохов_АВ,ymj3H9HE0
159,Бендин Иван Яковлевич,71,8и,4,Бендин_ИЯ,Ql0*&.zw
160,Лазученков Василий Алексеевич,381,7х,2,Лазученков_ВА,4PR+.+8y
161,Скоропухов Михаил Василиевич,69,10и,3,Скоропухов_МВ,(9(24Obl
162,Мухонкин Тарас Романович,126,9и,4,Мухонкин_ТР,Z8$1hoK6
163,Камерцев Владимир Кириллович,303,7а,3,Камерцев_ВК,"%vh7N,4q"
164,Сандрыкина Анна Олеговна,324,10т,2,Сандрыкина_АО,SJ7k8E3g
165,Недбайлов Алексей Денисович,15,7т,2,Недбайлов_АД,!DSK9$kv
166,Серпков Ярослав Георгиевич,380,10б,4,Серпков_ЯГ,5VEBa41&
167,Хатшуклов Аркадий Николаевич,42,11т,4,Хатшуклов_АН,IO-yoT8#
168,Литвалиева Алиса Егоровна,10,11и,3,Литвалиева_АЕ,H)i2I#+2
169,Енесина Лиза Валерьевна,293,9б,5,Енесина_ЛВ,"$t,,*1R0"
170,Пикальков Эдуард Алексиевич,21,8д,5,Пикальков_ЭА,tx0F4$0E
171,Сачинский Валентин Кириллович,125,10т,2,Сачинский_ВК,V#'c9)Sj
172,Тарзанова Евгения Аркадьевна,96,9д,2,Тарзанова_ЕА,w/qQ2WT+
173,Лапундин Юрий Игоревич,267,8и,5,Лапундин_ЮИ,"p9JQ!1q"""
174,Личева Лиза Михайловна,453,9б,3,Личева_ЛМ,o(P+#e0L
175,Смароверов Яков Борисович,131,11в,4,Смароверов_ЯБ,(*vRn5'l
176,Вереина Алла Василевна,295,10и,3,Вереина_АВ,1v89RaKSf
177,Погиблева Дарья Леонидовна,283,9в,5,Погиблева_ДЛ,$7q46BM-
178,Байнова Анастасия Вадимовна,363,7б,3,Байнова_АВ,#9!4sU2#
179,Шиловский Вячеслав Максимович,438,9и,4,Шиловский_ВМ,BXa*C#27
180,Сыждиков Пётр Василиевич,494,11х,5,Сыждиков_ПВ,"hz-/Fy""1"
181,Каценова Алёна Эдуардовна,165,11т,2,Каценова_АЭ,g&G2ehLH
182,Мужицких Ева Олеговна,348,8х,3,Мужицких_ЕО,Y2GN(.b'
183,Плеснецов Степан Юрьевич,22,10а,2,Плеснецов_СЮ,N#(Yc$z4
184,Игумнова Алёна Сергеевна,114,9д,4,Игумнова_АС,$E-Mpc14
185,Хадаров Владимир Валериевич,278,11т,5,Хадаров_ВВ,n71DiS0f
186,Ступакова Кира Ивановна,421,8и,3,Ступакова_КИ,.0Rs5jq8
187,Шоленинов Федор Максимович,286,11т,4,Шоленинов_ФМ,6VcqIo0X6
188,Гундаров Руслан Николаевич,158,9д,4,Гундаров_РН,"""2l#,!Y+"
189,Гречишева Марина Андреевна,464,7д,2,Гречишева_МА,'2#g&hP3
190,Утилова Алена Андреевна,253,11д,3,Утилова_АА,Ia70Xhn0B
191,Роткичева Алиса Максимовна,410,10а,4,Роткичева_АМ,t$IcAO2+
192,Колтышева Марина Вадимовна,87,11г,4,Колтышева_МВ,T47Qya1Me
193,Гурычева Лариса Валерьевна,489,9б,2,Гурычева_ЛВ,-%r(0SAS
194,Горцева Кристина Никитична,246,8и,4,Горцева_КН,"""D26)nUb"
195,Кутурин Геннадий Денисович,197,9в,2,Кутурин_ГД,9#c8BP6!
196,Стефанков Яков Евгеньевич,318,10г,3,Стефанков_ЯЕ,r/Da22)3
197,Множина Людмила Василевна,90,8б,2,Множина_ЛВ,Lh1..k4.
198,Семисалов Георгий Иванович,316,9в,3,Семисалов_ГИ,u6(w)Gm9
199,Рогалов Альберт Валериевич,327,9б,2,Рогалов_АВ,"&n',Y84m"
200,Черетаева Анастасия Олеговна,341,9б,2,Черетаева_АО,"1IgW0%""4"
201,Радоминова Любовь Игоревна,25,9и,5,Радоминова_ЛИ,Vca41N2u
202,Шувырина Лиза Андреевна,395,9а,5,Шувырина_ЛА,#G4#&6%d
203,Калиженков Семён Алексеевич,401,11а,4,Калиженков_СА,*8%lkgO-
204,Старокашин Константин Петрович,309,10а,3,Старокашин_КП,k/9Ca!!9
205,Малтоцов Аркадий Яковлевич,218,8а,3,Малтоцов_АЯ,jQ2wiO81
206,Кузеванова Ева Егоровна,116,7д,2,Кузеванова_ЕЕ,"5B4""z-1b"
207,Нурулина Алёна Егоровна,284,9х,2,Нурулина_АЕ,&*p7KU27
208,Лератов Герасим Сергеевич,374,10а,4,Лератов_ГС,G#9YK#xf
209,Людин Руслан Аркадиевич,498,7и,3,Людин_РА,S934wbAKn
210,Пурин Виктор Данилович,154,8и,5,Пурин_ВД,WZ0d%f$S
211,Лютов Виктор Юрьевич,288,11г,2,Лютов_ВЮ,&M1u$L7i
212,Марюшкина Яна Федоровна,345,10д,5,Марюшкина_ЯФ,"8#""S%""%t"
213,Томилова Кристина Михайловна,492,11б,3,Томилова_КМ,$9xtF5wX
214,Дистерев Валерий Валериевич,24,7г,3,Дистерев_ВВ,"uZ675""+z"
215,Дочкин Геннадий Алексиевич,52,11и,5,Дочкин_ГА,59Bb(cd7
216,Иняхин Руслан Сергеевич,234,7и,5,Иняхин_РС,"m%""nL8v*"
217,Знайкова Раиса Егоровна,148,11х,3,Знайкова_РЕ,%(2(t*5Q
218,Кашавцев Аркадий Леонидович,58,7а,4,Кашавцев_АЛ,Z%3n*Jn9
219,Пятернина Кристина Андреевна,445,7и,2,Пятернина_КА,oK&xS0fE
220,Гусеева Карина Викторовна,263,9и,2,Гусеева_КВ,&d30l2)P
221,Кастева Яна Сергеевна,108,7и,2,Кастева_ЯС,++$/Ok&4
222,Гришанин Тарас Павлович,113,10т,2,Гришанин_ТП,"qYg,k-6%"
223,Грамоткин Илья Викторович,195,8д,5,Грамоткин_ИВ,1Woa8IiR
224,Мелисин Геннадий Василиевич,465,10г,2,Мелисин_ГВ,yv665OXg
225,Цинина Светлана Яковлевна,105,11г,5,Цинина_СЯ,++r4B/-D
226,Петов Георгий Адамович,57,9а,2,Петов_ГА,"6o*u1ID,"
227,Реева Валентина Максимовна,146,11и,5,Реева_ВМ,"kC3/0,8,"
228,Слесивых Мария Аркадьевна,35,7и,5,Слесивых_МА,"6"",Tt'%y"
229,Афтаева Полина Ивановна,193,10д,5,Афтаева_ПИ,43$gT+!9
230,Кривицкий Валентин Виталиевич,208,8х,5,Кривицкий_ВВ,#9tI7p3'
231,Чубатов Константин Леонидович,279,11а,4,Чубатов_КЛ,pQx3sX62
232,Партенков Геннадий Павлович,418,8х,3,Партенков_ГП,.)aA*5P#
233,Черушев Григорий Борисович,84,7г,4,Черушев_ГБ,r%M4q-Gy
234,Тютекин Георгий Тимофеевич,262,7а,2,Тютекин_ГТ,0wKo6-&(
235,Янкевский Вячеслав Адамович,167,11г,4,Янкевский_ВА,"4Av'%3B,"
236,Сухручкина Клавдия Аркадьевна,177,7в,4,Сухручкина_КА,Ok2h4Y-x
237,Конофалова Клара Петровна,95,11д,5,Конофалова_КП,"x,d2WG90"
238,Лигасов Михаил Павлович,491,11г,4,Лигасов_МП,)kM2BIth
239,Писарьков Альберт Игоревич,313,8в,4,Писарьков_АИ,"I!j"")p4/"
240,Варов Кирилл Иванович,28,8а,5,Варов_КИ,ACw8r0uD
241,Пурынов Евгений Петрович,244,9и,3,Пурынов_ЕП,m5&NyH70
242,Супрутская Вероника Викторовна,187,9а,2,Супрутская_ВВ,5Fl4Sdh7
243,Скроцкая Алина Федоровна,127,8г,3,Скроцкая_АФ,wI)(3('%
244,Барадулин Вадим Юрьевич,281,11х,3,Барадулин_ВЮ,7eS7mF1'
245,Точилин Дмитрий Фёдорович,476,8а,2,Точилин_ДФ,P9bJh9c6
246,Бикмуллин Руслан Валериевич,333,11т,2,Бикмуллин_РВ,3m'9G1uQ
247,Серпичев Василий Алексиевич,394,10х,5,Серпичев_ВА,ikKIw700
248,Вострышев Яков Аркадиевич,343,8г,5,Вострышев_ЯА,AwB'meV9
249,Грушчева София Евгеньевна,480,11в,None,Грушчева_СЕ,/((J5/&d
250,Кулапов Александр Юрьевич,109,9б,5,Кулапов_АЮ,.D0V7Ncm
251,Чибисенков Владислав Фёдорович,375,8х,3,Чибисенков_ВФ,sI6A/41h
252,Утилов Роман Василиевич,254,9х,2,Утилов_РВ,U37MH0xg
253,Татаурова Галина Федоровна,145,10т,4,Татаурова_ГФ,C73k7ox'
254,Визавитина Наталия Леонидовна,101,10г,2,Визавитина_НЛ,Z+8XvUd$
255,Мягченков Артём Денисович,115,7б,4,Мягченков_АД,j*#1D/#(
256,Брикова Инна Богдановна,256,9б,4,Брикова_ИБ,"z3K.,r*,"
257,Наторкин Валентин Данилович,319,7и,2,Наторкин_ВД,"N,!#pg73"
258,Эштрекова Софья Алексеевна,76,9в,3,Эштрекова_СА,oA*pFZ4r
259,Кутаманова Кира Андреевна,182,10т,2,Кутаманова_КА,uJJl(%V3
260,Кыштымова Евгения Эдуардовна,255,8в,5,Кыштымова_ЕЭ,"2v-%""kcW"
261,Ккнязева Клавдия Дмитриевна,34,7б,5,Ккнязева_КД,gOw3(wWA
262,Глаголина Алиса Никитична,249,9д,2,Глаголина_АН,Um72hn'*
263,Рисина Раиса Валерьевна,451,10а,4,Рисина_РВ,S60ccRqE5
264,Ребров Алексей Георгиевич,289,8и,3,Ребров_АГ,wPDgD2w8
265,Вырысалова Александра Евгеньевна,39,11и,2,Вырысалова_АЕ,2qW51ll/
266,Гомольский Владимир Юриевич,314,11х,5,Гомольский_ВЮ,"ut""!$K-0"
267,Швинова Марина Федоровна,271,8г,5,Швинова_МФ,"/+F9""""Dp"
268,Рудковская Инна Дмитриевна,6,7т,3,Рудковская_ИД,#1$2D)uZ
269,Решеткина Дарья Василевна,408,10и,3,Решеткина_ДВ,UBN#7dq/
270,Евстихеев Игорь Василиевич,422,10х,5,Евстихеев_ИВ,+d-)75yI
271,Лазарина Алёна Федоровна,161,8б,3,Лазарина_АФ,+0$dQm3m
272,Гляченков Григорий Николаевич,431,10а,5,Гляченков_ГН,q10/W##w
273,Чардынцева Алина Вадимовна,135,10д,3,Чардынцева_АВ,t8%BwC7H
274,Скаредов Яков Иванович,337,9т,5,Скаредов_ЯИ,",T!Ba&1"""
275,Юрицкий Эдуард Денисович,192,7д,3,Юрицкий_ЭД,"3p4uq8T"""
276,Кравчина Светлана Аркадьевна,413,11г,5,Кравчина_СА,/'5HA13q
277,Чмареткова Полина Вадимовна,449,10а,2,Чмареткова_ПВ,Xdp5'y81
278,Углова Галина Романовна,260,9г,3,Углова_ГР,#9tq0Xk6
279,Згуровская Виктория Андреевна,220,9т,4,Згуровская_ВА,u)57TXht
280,Секерский Станислав Сергеевич,235,10а,4,Секерский_СС,36.Tlz+3
281,Жевайкин Евгений Адамович,86,11г,3,Жевайкин_ЕА,g!$.(KS8
282,Коточигов Семён Игоревич,26,9д,5,Коточигов_СИ,Fr/0aEpR
283,Калонин Альберт Денисович,297,8б,2,Калонин_АД,3LZ%u5(j
284,Валягин Григорий Антонович,94,10в,4,Валягин_ГА,"K53/""wht"
285,Коцева Кристина Николаевна,412,9г,3,Коцева_КН,(Y7$F#1g
286,Голина Кристина Максимовна,3,7х,3,Голина_КМ,3)7r/EF5
287,Батрамеев Анатолий Романович,354,9х,3,Батрамеев_АР,9*#wRTA)
288,Чикмарев Валентин Валериевич,306,9и,5,Чикмарев_ВВ,+pzdW%1/
289,Киницына Валерия Олеговна,202,7х,4,Киницына_ВО,4p(hePC1
290,Числин Юрий Денисович,121,7в,2,Числин_ЮД,gzVG7qO0
291,Стебунова Юлия Романовна,358,9т,3,Стебунова_ЮР,1)qNc76S
292,Кацов Павел Павлович,236,10г,5,Кацов_ПП,-E'0eU&.
293,Гоцев Тарас Викторович,41,8в,3,Гоцев_ТВ,"%(hWD0!,"
294,Мотовицкий Роман Аркадиевич,31,11и,5,Мотовицкий_РА,",Iz#37'l"
295,Чурзина Клара Егоровна,308,10б,3,Чурзина_КЕ,"T)09m%4,"
296,Щепалкина Валерия Сергеевна,134,9б,4,Щепалкина_ВС,"u,G54E%v"
297,Утимишев Ярослав Игоревич,239,11а,3,Утимишев_ЯИ,*e$P!02X
298,Алуханов Кирилл Фёдорович,298,7т,2,Алуханов_КФ,7Nq(+)'8
299,Полунеев Валентин Валериевич,307,8и,2,Полунеев_ВВ,i.uRw2-R
300,Крупенова Наталия Андреевна,209,7в,5,Крупенова_НА,0B%u2*b+
301,Корнюшин Илья Юрьевич,44,10т,3,Корнюшин_ИЮ,"5""pZLz2h"
302,Паушева Виолетта Никитична,310,8г,4,Паушева_ВН,B4l*w2I*
303,Берзин Герасим Антонович,349,11т,5,Берзин_ГА,"Hpn33O,b"
304,Шулунова Алла Алексеевна,54,7д,4,Шулунова_АА,yA07zbX4
305,Трепашова София Яковлевна,399,11а,2,Трепашова_СЯ,t/i9J&23
306,Чумейкин Константин Антонович,8,8б,5,Чумейкин_КА,$.P#d+9%
307,Польшиков Денис Игоревич,495,9и,2,Польшиков_ДИ,D51EJpw(
308,Медоусова Жанна Романовна,252,7б,2,Медоусова_ЖР,$F/yB7K2
309,Акуратова Клавдия Андреевна,92,9г,5,Акуратова_КА,G22)**'k
310,Курмеева Елизавета Валерьевна,486,8а,5,Курмеева_ЕВ,"4*F,63wc"
311,Бадов Александр Аркадиевич,217,10г,3,Бадов_АА,7GrZ*3Z7
312,Бакушин Эдуард Адамович,265,7б,5,Бакушин_ЭА,M2T6ozJ3y
313,Чебина Инна Сергеевна,273,10т,2,Чебина_ИС,%)'Tn78o
314,Подледнова Наталья Ивановна,112,11и,3,Подледнова_НИ,%+9t7wY2
315,Садгеева Лиза Евгеньевна,460,11г,3,Садгеева_ЛЕ,Y5yF5F2z
316,Акушин Борис Павлович,493,9т,2,Акушин_БП,QtK2K7+5
317,Аришев Руслан Кириллович,379,10т,3,Аришев_РК,",42!7KXb"
318,Гуслова Кристина Олеговна,389,9в,2,Гуслова_КО,8+9uGi#z
319,Глоточкина Оксана Аркадьевна,370,9и,5,Глоточкина_ОА,4*%6wHD7
320,Шапина Маргарита Романовна,163,8б,5,Шапина_МР,"5""1juY2D"
321,Дурылин Георгий Валериевич,261,11т,4,Дурылин_ГВ,s-05P7'&
322,Болкисева Анна Викторовна,248,7х,4,Болкисева_АВ,uSW76p4$
323,Багапов Вячеслав Сергеевич,99,7д,4,Багапов_ВС,3QCpKmq8
324,Люцарева Яна Аркадьевна,376,11б,2,Люцарева_ЯА,X6aa4Kd4
325,Боготынина София Егоровна,63,11б,5,Боготынина_СЕ,+f0xA*h0
326,Саюшкин Игорь Алексиевич,211,11х,5,Саюшкин_ИА,0hw.8NJC
327,Потешных Тамара Николаевна,468,11в,3,Потешных_ТН,"9)RF0""&l"
328,Незлина Жанна Василевна,426,8б,5,Незлина_ЖВ,48TF2yJu
329,Федичева Вероника Кирилловна,37,7х,4,Федичева_ВК,HKm1'o(4
330,Пустынкин Вадим Антонович,388,10в,5,Пустынкин_ВА,9s$$7L*P
331,Аринакова Ирина Михайловна,150,8в,5,Аринакова_ИМ,"$MiWa,57"
332,Обиралкова Мария Егоровна,294,11т,5,Обиралкова_МЕ,Y17%9pc%
333,Аристарова Валентина Максимовна,443,11г,2,Аристарова_ВМ,"d""cI22l2"
334,Яуров Герасим Юрьевич,38,9а,5,Яуров_ГЮ,3qU14E(G
335,Духонькин Вячеслав Фёдорович,2,9в,4,Духонькин_ВФ,4O2g#H+'
336,Гвасков Евгений Михаилович,402,9в,5,Гвасков_ЕМ,zF!!13a)
337,Жабынина Галина Николаевна,185,7х,5,Жабынина_ГН,",51Q,Ql)"
338,Шерюкова Виолетта Романовна,440,9б,4,Шерюкова_ВР,Kd4bU/x9
339,Колокатов Пётр Евгеньевич,484,10в,3,Колокатов_ПЕ,"1HjcF""Y-"
340,Шайдуков Андрей Михаилович,317,9и,4,Шайдуков_АМ,JRh6nBb0
341,Смирнягина Дарья Игоревна,425,10в,4,Смирнягина_ДИ,2hx8k'R(
342,Штырева Ева Олеговна,258,11и,2,Штырева_ЕО,"-9""3l8(I"
343,Ашукин Вячеслав Михаилович,191,10т,4,Ашукин_ВМ,"X&3v*""9Z"
344,Рубченкова Галина Алексеевна,190,9в,3,Рубченкова_ГА,"&2""lWi'1"
345,Зархин Иван Алексиевич,478,11и,5,Зархин_ИА,"W)!*""0iE"
346,Адиотов Дмитрий Павлович,156,7б,3,Адиотов_ДП,a2jk1UJL
347,Тищенкова Раиса Валерьевна,79,7д,3,Тищенкова_РВ,-T.(C2l%
348,Лозеев Илья Петрович,205,10д,2,Лозеев_ИП,FN88!4qB
349,Кобяшов Герасим Михаилович,305,11т,2,Кобяшов_ГМ,GnaRX6k'
350,Ронова Клавдия Валерьевна,107,7и,4,Ронова_КВ,yZZ3M&+(
351,Стрижнов Алексей Евгеньевич,385,11г,3,Стрижнов_АЕ,+UVn9/F)
352,Волынский Алексей Виталиевич,362,11т,5,Волынский_АВ,"F36DAp""$"
353,Машонский Василий Данилович,23,9д,5,Машонский_ВД,"3+Dj""#-q"
354,Буриева Зинаида Аркадьевна,104,11д,4,Буриева_ЗА,"+54VKk5,"
355,Борщина Алёна Ивановна,377,11а,5,Борщина_АИ,!&b0)06N
356,Белчков Олег Иванович,275,10а,4,Белчков_ОИ,"""#zGi0H8"
357,Остропиков Альберт Данилович,157,8г,2,Остропиков_АД,dWS114ruB
358,Оргонова Любовь Максимовна,264,7б,4,Оргонова_ЛМ,.ACE1s6/
359,Мальков Юрий Евгеньевич,228,7г,3,Мальков_ЮЕ,W2)Re-*0
360,Свльхова Наталья Вадимовна,160,9т,5,Свльхова_НВ,!YMd7%T!
361,Мякушков Герасим Леонидович,102,10т,3,Мякушков_ГЛ,"Dt!""1.BN"
362,Межуев Георгий Юриевич,355,8г,4,Межуев_ГЮ,diFOFg71
363,Чериншев Александр Сергеевич,439,8а,2,Чериншев_АС,c*W0yt'5
364,Муниров Алексей Андреевич,117,11г,3,Муниров_АА,fz8'Z)p(
365,Климухин Руслан Романович,269,10в,3,Климухин_РР,jVO1nfK)
366,Дембская Екатерина Никитична,64,11б,4,Дембская_ЕН,%.I7c!*C
367,Тюнеев Яков Фёдорович,417,10т,2,Тюнеев_ЯФ,+08P$Vt+
368,Трушитин Антон Данилович,168,9х,3,Трушитин_АД,"(""(qP+1&"
369,Балакишиев Роман Алексиевич,143,11х,5,Балакишиев_РА,3Wl%U.-)
370,Немтюрева Валерия Аркадьевна,12,10г,4,Немтюрева_ВА,9.p5lQ2#
371,Складанова Клавдия Аркадьевна,257,9а,3,Складанова_КА,K))t0q7r
372,Заходина Полина Леонидовна,93,10д,4,Заходина_ПЛ,-47l!Han
373,Муринов Анатолий Борисович,171,11б,5,Муринов_АБ,p43(B'u6
374,Гришалова Любовь Евгеньевна,301,8т,3,Гришалова_ЛЕ,"""7PJ,c#b"
375,Ситчихин Станислав Георгиевич,247,8т,5,Ситчихин_СГ,03CK)*7w
376,Просяных Георгий Василиевич,366,9в,2,Просяных_ГВ,qhK&!9-/
377,Дзабиев Григорий Георгиевич,259,11д,5,Дзабиев_ГГ,*+(Y5Eli
378,Рыбаулин Григорий Алексеевич,140,11а,5,Рыбаулин_ГА,)NOp+I75
379,Тупиева Екатерина Ивановна,400,7д,2,Тупиева_ЕИ,736kUPsPf
380,Куверчева Алена Ивановна,170,10д,3,Куверчева_АИ,ffjX8*!5
381,Цаблинова Виктория Богдановна,342,9г,4,Цаблинова_ВБ,O5Mc6nw9
382,Синенков Григорий Леонидович,230,9в,5,Синенков_ГЛ,"/U6&R,,p"
383,Лизункин Артур Олегович,4,11в,5,Лизункин_АО,dOnKU3g3
384,Славущева Александра Эдуардовна,81,8а,5,Славущева_АЭ,S4Np5q6I
385,Шахвердов Дмитрий Антонович,132,11б,2,Шахвердов_ДА,uU3d3s3QQ
386,Рапацкая Ольга Ивановна,223,10г,3,Рапацкая_ОИ,"5n7n'W3"""
387,Сторокожев Виталий Аркадиевич,159,9б,2,Сторокожев_ВА,"'9,&M.w"""
388,Половодов Кирилл Николаевич,18,8т,5,Половодов_КН,"7cJE,Ezf"
389,Халтанова Алена Дмитриевна,49,8б,3,Халтанова_АД,"#h,76oV-"
390,Заложнев Роман Фёдорович,448,8в,4,Заложнев_РФ,"-o,!L7h)"
391,Рыжих Кристина Аркадьевна,213,7а,4,Рыжих_КА,"u""N$70NX"
392,Буров Руслан Игоревич,405,11и,5,Буров_РИ,"9&0V6i""!"
393,Гачков Виталий Евгеньевич,277,9т,4,Гачков_ВЕ,cf5%#0C8
394,Кадилов Геннадий Борисович,225,10в,3,Кадилов_ГБ,+oS33$bd
395,Гликина Алёна Эдуардовна,454,9б,3,Гликина_АЭ,EP&yY.72
396,Ичкинина Любовь Андреевна,299,8г,5,Ичкинина_ЛА,7s5+NW-4
397,Мозшорина Кира Дмитриевна,65,8б,3,Мозшорина_КД,r)6ne3YC
398,Брижеватов Константин Борисович,152,11т,2,Брижеватов_КБ,-Op$g22X
399,Бучеров Тарас Викторович,429,10д,4,Бучеров_ТВ,J&y.L3ew
400,Мисютина Валерия Эдуардовна,368,9г,2,Мисютина_ВЭ,20LBrjYb
401,Льянов Федор Вадимович,328,8а,4,Льянов_ФВ,"7pf.YW)"""
402,Щуркин Георгий Яковлевич,180,8в,4,Щуркин_ГЯ,"k""&R9k.V"
403,Акулин Федор Адамович,241,10г,4,Акулин_ФА,E2+L5Yy'
404,Волженкова Екатерина Ивановна,233,9д,4,Волженкова_ЕИ,saYB2(%*
405,Махометова София Викторовна,424,8и,3,Махометова_СВ,zu6uYF'P
406,Зызлов Геннадий Антонович,274,7в,3,Зызлов_ГА,LAr.!21Z
407,Девляшова Кира Олеговна,51,11д,5,Девляшова_КО,5h1*PVi6
408,Яковкина Алена Никитична,320,9т,5,Яковкина_АН,Gsl9$7+t
409,Бузулев Вадим Николаевич,331,10д,3,Бузулев_ВН,"6""/t*Y$+"
410,Ганельский Юрий Юриевич,474,9д,3,Ганельский_ЮЮ,4xHz3Pj4
411,Шкапрова Ева Ивановна,371,7б,5,Шкапрова_ЕИ,ZUE4b.%%
412,Чичирин Владимир Георгиевич,11,10а,4,Чичирин_ВГ,#k6MSaV7
413,Шилова Надежда Викторовна,124,9б,2,Шилова_НВ,%1IH$82w
414,Коваев Руслан Михаилович,487,9т,3,Коваев_РМ,%2rm8P.z
415,Саверина Надежда Андреевна,407,11б,4,Саверина_НА,)-+U).7e
416,Тишанкин Олег Адамович,334,9д,3,Тишанкин_ОА,m1eMY!R!
417,Широпаев Валерий Сергеевич,406,9б,2,Широпаев_ВС,H8n)!61t
418,Щепанин Олег Адамович,226,7а,3,Щепанин_ОА,$Ko)+i8U
419,Оплетин Владислав Аркадиевич,361,10х,4,Оплетин_ВА,-F+6*1y.
420,Оденова Карина Андреевна,409,8и,4,Оденова_КА,B0'zwRR4
421,Семагин Альберт Андреевич,456,10х,4,Семагин_АА,ZA0/1i6(
422,Черданцева Анастасия Олеговна,128,8х,3,Черданцева_АО,u08*Ep$i
423,Лонцова Елизавета Эдуардовна,224,7х,3,Лонцова_ЕЭ,8rPb(gA9
424,Сарсекеева Алёна Никитична,462,11и,4,Сарсекеева_АН,wIWcR0(e
425,Аковецкий Антон Евгеньевич,500,8б,4,Аковецкий_АЕ,L-R9(69p
426,Аратский Станислав Борисович,351,9и,2,Аратский_СБ,z81L1%Kd
427,Чужриков Пётр Денисович,200,9в,3,Чужриков_ПД,LU6pL73)
428,Никитшин Алексей Кириллович,111,11и,3,Никитшин_АК,Zh*sr4-1
429,Симендяев Василий Алексиевич,45,8д,4,Симендяев_ВА,H(77wF1R
430,Ошитков Максим Сергеевич,151,10г,4,Ошитков_МС,Hyo52j4G
431,Юрасов Евгений Романович,338,9и,3,Юрасов_ЕР,Yn6O$&D0
432,Головяшин Павел Юриевич,179,7г,5,Головяшин_ПЮ,Er/+2-qM
433,Манжурина Екатерина Сергеевна,219,7т,3,Манжурина_ЕС,"Rz75-f-,"
434,Никурашин Олег Евгеньевич,291,11х,2,Никурашин_ОЕ,+7&%g.'A
435,Бехтерев Федор Вадимович,137,9х,3,Бехтерев_ФВ,qY2wt5K4
436,Годлевская Катерина Дмитриевна,403,11г,3,Годлевская_КД,2K)4tWRf
437,Акиярова Алина Эдуардовна,9,11а,4,Акиярова_АЭ,Eqc3+55q
438,Милина Алена Петровна,359,8г,3,Милина_АП,"q,lx*2FQ"
439,Воловин Борис Викторович,350,7т,2,Воловин_БВ,Rt$6wV5V
440,Туморина Ксения Федоровна,133,8б,5,Туморина_КФ,K!*5'i4P
441,Желейков Вячеслав Яковлевич,199,8г,3,Желейков_ВЯ,Sb#)9zOz
442,Шишорнина Екатерина Алексеевна,183,8т,3,Шишорнина_ЕА,n4Eh#.4y
443,Юумогулова Виолетта Игоревна,311,10х,3,Юумогулова_ВИ,%a8#'#U.
444,Рецков Денис Денисович,85,10д,2,Рецков_ДД,k3fR8MD7j
445,Химунина Елизавета Ивановна,392,7д,2,Химунина_ЕИ,Yz#7V1'4
446,Кобрянов Александр Алексиевич,455,7т,2,Кобрянов_АА,"'E7""g&c+"
447,Бирылов Тарас Данилович,243,11а,3,Бирылов_ТД,P8Ov5C*3
448,Туфатулин Ярослав Леонидович,485,8х,4,Туфатулин_ЯЛ,$50&!iI3
449,Долбишев Николай Аркадиевич,292,10б,5,Долбишев_НА,DEp0#2R+
450,Махтумова Алёна Эдуардовна,186,10б,4,Махтумова_АЭ,#J.$dL5i
451,Нарзаркин Алексей Романович,423,10т,2,Нарзаркин_АР,43C)u%8X
452,Куранина Алена Леонидовна,196,9б,4,Куранина_АЛ,(7D-K/Ji
453,Ситюков Аркадий Евгеньевич,32,10в,3,Ситюков_АЕ,9Ha-S/8#
454,Мизюрова Алиса Никитична,176,7г,4,Мизюрова_АН,"a1H5y""%-"
455,Пандурова Алиса Дмитриевна,130,9б,2,Пандурова_АД,VlE0sJ+u
456,Жилейкин Борис Тимофеевич,91,7в,2,Жилейкин_БТ,02*WhnyV
457,Корпункова Виолетта Сергеевна,83,11а,3,Корпункова_ВС,z$MOq3+v
458,Пашохонова Анастасия Федоровна,467,9в,4,Пашохонова_АФ,(a(8*#kC
459,Сузальцева Тамара Михайловна,357,8х,4,Сузальцева_ТМ,6(2Oc%A*
460,Чиличкина Светлана Яковлевна,5,8в,5,Чиличкина_СЯ,N6dH7l2d
461,Шантыкова Карина Максимовна,198,10д,3,Шантыкова_КМ,1mAD9Bjs
462,Недосекин Владислав Яковлевич,457,10а,4,Недосекин_ВЯ,"#7K""#$gA"
463,Максимкин Федор Фёдорович,172,10г,2,Максимкин_ФФ,"O2""b93z'"
464,Матбиюшина Виктория Игоревна,237,8д,2,Матбиюшина_ВИ,'-nv)1gW
465,Шишкунов Герасим Юрьевич,110,8т,4,Шишкунов_ГЮ,S-42tcQ1
466,Сухинин Георгий Алексиевич,475,10х,4,Сухинин_ГА,q8RK2Vdu
467,Бисеева Полина Романовна,48,7д,5,Бисеева_ПР,5.h.D7.o
468,Жукулов Михаил Денисович,60,11г,3,Жукулов_МД,2*H95O#v
469,Тоняев Герасим Петрович,378,9т,5,Тоняев_ГП,zKZ7+K5m
470,Шушенкова Алёна Олеговна,36,7и,2,Шушенкова_АО,J4B-a1+5
471,Разроев Дмитрий Павлович,59,9а,2,Разроев_ДП,"u9E)""!!("
472,Баззаев Анатолий Данилович,339,9д,2,Баззаев_АД,"oCF17""Xs"
473,Цекова Алла Олеговна,50,8д,2,Цекова_АО,5dvBk.DT
474,Аборонова Алиса Алексеевна,444,7г,5,Аборонова_АА,"/E/OmB""2"
475,Ягловская Ева Олеговна,181,8в,4,Ягловская_ЕО,)D!yG0b/
476,Шароварова Яна Романовна,175,8а,4,Шароварова_ЯР,/7A+5%3z
477,Общев Яков Викторович,466,8а,4,Общев_ЯВ,!k0/'-W!
478,Ойзерская Катерина Эдуардовна,120,7х,2,Ойзерская_КЭ,Y5*7ma0c
479,Прусский Ярослав Иванович,479,11б,2,Прусский_ЯИ,",3Ght,!,"
480,Лабинов Павел Алексеевич,272,7б,5,Лабинов_ПА,h$5pIT.E
481,Покровов Эдуард Павлович,312,8б,2,Покровов_ЭП,3m!%9uiW
482,Мачехин Эдуард Данилович,19,7д,3,Мачехин_ЭД,ATaeg(R1
483,Кодорская Раиса Ивановна,27,11б,3,Кодорская_РИ,",'U6j4AU"
484,Кондраева Марина Ивановна,469,9д,3,Кондраева_МИ,Us-1p4+H
485,Бульенков Валентин Иванович,136,10т,4,Бульенков_ВИ,33d9n'R)
486,Тагакова Вероника Яковлевна,393,8т,4,Тагакова_ВЯ,6c.+*E/2
487,Гершанова Любовь Евгеньевна,383,11т,5,Гершанова_ЛЕ,+a)DzUl5
488,Салина Алена Егоровна,73,11в,5,Салина_АЕ,2fu%AJh!
489,Фрумова Зинаида Аркадьевна,78,8а,4,Фрумова_ЗА,"'""#4E5w#"
490,Хорняков Борис Борисович,13,8г,2,Хорняков_ББ,Z/1v/f)M
491,Гдагазина Лиза Василевна,212,9т,5,Гдагазина_ЛВ,(4*+KjZ#
492,Агаршев Ярослав Михаилович,276,9т,2,Агаршев_ЯМ,(9n#P)#/
493,Корюшин Пётр Антонович,326,8х,2,Корюшин_ПА,9/$nrn3Y
494,Калаев Пётр Алексиевич,68,8а,3,Калаев_ПА,"""""W&i,/0"
495,Ккаталкина Виолетта Егоровна,53,7б,2,Ккаталкина_ВЕ,1Lr1oZ1J
496,Рачнов Герасим Алексеевич,103,10а,5,Рачнов_ГА,vE78toIO3
497,Миндубаева Людмила Леонидовна,477,11и,2,Миндубаева_ЛЛ,J2d&WnJ6
498,Агафьева Вера Ивановна,352,11х,3,Агафьева_ВИ,6ODz*y2S
499,Житин Эдуард Адамович,481,9а,5,Житин_ЭА,"""3SoR-52"
